"ISA 381, Class 02 recap: last class in four questions",,,,,,
Import this file with Kahoot's spreadsheet importer (Create > Import spreadsheet).,,,,,,
,,,,,,
,,,,,,
,,,,,,
,,,,,,
Question - max 120 characters,Answer 1 - max 75 characters,Answer 2 - max 75 characters,Answer 3 - max 75 characters,Answer 4 - max 75 characters,"Time limit (sec) – 5, 10, 20, 30, 60, 90, 120, or 240 secs",Correct answer(s) - choose at least one
Which two words describe the kind of language Python is?,High-level and interpreted,Low-level and compiled,High-level and compiled,Low-level and interpreted,20,1
"Last class, East vs West: why did the two 'average order value' answers disagree?",One weighted months by number of orders,Gemini used the wrong file,East's data had a typo,Python cannot compute averages,20,1
Google Colab is a hosted version of which tool?,Jupyter Notebook,Microsoft Excel,Visual Studio,GitHub,20,1
"In the Aug 16 Job Scout harvest, which title group most often asked for Python?",Analyst / analytics,Data scientist,Engineer / developer,Other business titles,20,1
